Timestamp,Form Name,Source,Name,Phone,Concern,URL,TeleCRM
"28/9/2026, 7:20:16 pm",enhance-physio-leads,Enhance Physiotherapy Clinic,Rajesh Kumar,7859641230,Post-Operative Rehabilitation & Prehabilitation,http://localhost:3000/,TeleCRM fetch failed
"28/9/2026, 7:20:57 pm",enhance-physio-leads,Enhance Physiotherapy Clinic,Rajesh Kumar,7412580360,Post-Operative Rehabilitation & Prehabilitation,http://localhost:3000/,TeleCRM fetch failed
"28/9/2026, 7:25:26 pm",enhance-physio-leads,Enhance Physiotherapy Clinic,Rajesh Kumar,7412580369,Post-Operative Rehabilitation & Prehabilitation,http://localhost:3000/#conditions,TeleCRM fetch failed
"6/10/2026, 4:14:30 pm",enhance-physio-leads,Enhance Physiotherapy Clinic,testing,7859641230,Post-Operative Rehabilitation & Prehabilitation,http://localhost:3001/,TeleCRM did not confirm lead creation
"6/10/2026, 4:16:03 pm",enhance-physio-leads,Enhance Physiotherapy Clinic,testing1,7412580360,Sports Physiotherapy,http://localhost:3001/,TeleCRM did not confirm lead creation
"6/10/2026, 4:25:20 pm",enhance-physio-leads,Enhance Physiotherapy Clinic,testing3,7854120367,Post-Operative Rehabilitation & Prehabilitation,http://localhost:3001/,TeleCRM did not confirm lead creation
"7/10/2026, 4:52:25 pm",enhance-physio-leads,Enhance Physiotherapy Clinic,testinged,7859641241,Post-Operative Rehabilitation & Prehabilitation,http://localhost:3001/,TeleCRM did not confirm lead creation
"9/10/2026, 1:27:29 pm",Review Leads,Review Page,testing,7485963201,ghj fghj rftgyhuj drftgyhuj drftgyhuj rfrghyjk | Rating: 3/5 | Callback: Yes,http://localhost:3000/review,TeleCRM did not confirm lead creation
"9/10/2026, 1:30:11 pm",Review Leads,Review Page,testing2,7485963201,dfgh sdfgh dsfghj sdfgh dfghj dfghj  | Rating: 3/5 | Callback: Yes,http://localhost:3000/review,TeleCRM did not confirm lead creation
